DIVISION_ID,ID,TYPE,ACRONYM,LABEL,MEMBER_OF_COALITION,COALITION_MEMBERS,name,alpha-2,alpha-3,country-code,iso_3166-2,region,sub-region,intermediate-region,region-code,sub-region-code,intermediate-region-code
BE,BE01,PARTY,CD&V,Christen-Democratisch & Vlaams,,,Belgium,BE,BEL,56.0,ISO 3166-2:BE,Europe,Western Europe,,150.0,155.0,
BE,BE02,PARTY,Groen,Groen,,,Belgium,BE,BEL,56.0,ISO 3166-2:BE,Europe,Western Europe,,150.0,155.0,
BE,BE03,PARTY,N-VA,Nieuw-Vlaamse Alliantie,,,Belgium,BE,BEL,56.0,ISO 3166-2:BE,Europe,Western Europe,,150.0,155.0,
BE,BE04,PARTY,sp.a,Socialistische Partij - Anders,,,Belgium,BE,BEL,56.0,ISO 3166-2:BE,Europe,Western Europe,,150.0,155.0,
BE,BE05,PARTY,VI.Belang,Vlaams Belang,,,Belgium,BE,BEL,56.0,ISO 3166-2:BE,Europe,Western Europe,,150.0,155.0,
BE,BE06,PARTY,Open VLD,Open Vlaamse Liberalen en Democraten,,,Belgium,BE,BEL,56.0,ISO 3166-2:BE,Europe,Western Europe,,150.0,155.0,
BE,BE07,PARTY,PVDA-PTB,Partij van de Arbeid van België,,,Belgium,BE,BEL,56.0,ISO 3166-2:BE,Europe,Western Europe,,150.0,155.0,
BE,BE08,PARTY,PS,Parti Socialiste,,,Belgium,BE,BEL,56.0,ISO 3166-2:BE,Europe,Western Europe,,150.0,155.0,
BE,BE09,PARTY,MR,Mouvement Réformateur,,,Belgium,BE,BEL,56.0,ISO 3166-2:BE,Europe,Western Europe,,150.0,155.0,
BE,BE10,PARTY,cdH,Centre Démocrate Humaniste,,,Belgium,BE,BEL,56.0,ISO 3166-2:BE,Europe,Western Europe,,150.0,155.0,
BE,BE11,PARTY,ECOLO,Ecologistes Confédérés pour l'Organisation de Luttes Originales,,,Belgium,BE,BEL,56.0,ISO 3166-2:BE,Europe,Western Europe,,150.0,155.0,
BE,BE12,PARTY,PTB-PVDA,Parti du Travail de Belgique,,,Belgium,BE,BEL,56.0,ISO 3166-2:BE,Europe,Western Europe,,150.0,155.0,
BE,BE13,PARTY,DéFI,Démocrate Fédéraliste Indépendant,,,Belgium,BE,BEL,56.0,ISO 3166-2:BE,Europe,Western Europe,,150.0,155.0,
BE,BE14,PARTY,PP,Parti Populaire,,,Belgium,BE,BEL,56.0,ISO 3166-2:BE,Europe,Western Europe,,150.0,155.0,
BE,BE15,PARTY,CSP,Christlich Soziale Partei,,,Belgium,BE,BEL,56.0,ISO 3166-2:BE,Europe,Western Europe,,150.0,155.0,
BE,BE16,PARTY,SP,Sozialistische Partei,,,Belgium,BE,BEL,56.0,ISO 3166-2:BE,Europe,Western Europe,,150.0,155.0,
BE,BE17,PARTY,PFF,Partei für Freiheit und Fortschritt,,,Belgium,BE,BEL,56.0,ISO 3166-2:BE,Europe,Western Europe,,150.0,155.0,
BE,BE18,PARTY,ProDG,Pro deutschsprachige Gemeinschaft,,,Belgium,BE,BEL,56.0,ISO 3166-2:BE,Europe,Western Europe,,150.0,155.0,
BE,BE19,PARTY,ECOLO (G.),Ecologistes Confédérés pour l'Organisation de Luttes Originales (G.),,,Belgium,BE,BEL,56.0,ISO 3166-2:BE,Europe,Western Europe,,150.0,155.0,
BE,BE90,PARTY,Other parties F.,Other parties from Dutch-speaking electoral college,,,Belgium,BE,BEL,56.0,ISO 3166-2:BE,Europe,Western Europe,,150.0,155.0,
BE,BE91,PARTY,Other parties W.,Other parties from French-speaking electoral college,,,Belgium,BE,BEL,56.0,ISO 3166-2:BE,Europe,Western Europe,,150.0,155.0,
BE,BE92,PARTY,Other parties G.,Other parties from German-speaking electoral college,,,Belgium,BE,BEL,56.0,ISO 3166-2:BE,Europe,Western Europe,,150.0,155.0,
FBE,BE01,PARTY,CD&V,Christen-Democratisch & Vlaams,,,,,,,,,,,,,
FBE,BE02,PARTY,Groen,Groen,,,,,,,,,,,,,
FBE,BE03,PARTY,N-VA,Nieuw-Vlaamse Alliantie,,,,,,,,,,,,,
FBE,BE04,PARTY,sp.a,Socialistische Partij - Anders,,,,,,,,,,,,,
FBE,BE05,PARTY,VI.Belang,Vlaams Belang,,,,,,,,,,,,,
FBE,BE06,PARTY,Open VLD,Open Vlaamse Liberalen en Democraten,,,,,,,,,,,,,
FBE,BE07,PARTY,PVDA-PTB,Partij van de Arbeid van België,,,,,,,,,,,,,
FBE,BE90,PARTY,Other parties F.,Other parties from Dutch-speaking electoral college,,,,,,,,,,,,,
GBE,BE15,PARTY,CSP,Christlich Soziale Partei,,,,,,,,,,,,,
GBE,BE16,PARTY,SP,Sozialistische Partei,,,,,,,,,,,,,
GBE,BE17,PARTY,PFF,Partei für Freiheit und Fortschritt,,,,,,,,,,,,,
GBE,BE18,PARTY,ProDG,Pro deutschsprachige Gemeinschaft,,,,,,,,,,,,,
GBE,BE19,PARTY,ECOLO (G.),Ecologistes Confédérés pour l'Organisation de Luttes Originales (G.),,,,,,,,,,,,,
GBE,BE92,PARTY,Other parties G.,Other parties from German-speaking electoral college,,,,,,,,,,,,,
WBE,BE08,PARTY,PS,Parti Socialiste,,,,,,,,,,,,,
WBE,BE09,PARTY,MR,Mouvement Réformateur,,,,,,,,,,,,,
WBE,BE10,PARTY,cdH,Centre Démocrate Humaniste,,,,,,,,,,,,,
WBE,BE11,PARTY,ECOLO,Ecologistes Confédérés pour l'Organisation de Luttes Originales,,,,,,,,,,,,,
WBE,BE12,PARTY,PTB-PVDA,Parti du Travail de Belgique,,,,,,,,,,,,,
WBE,BE13,PARTY,DéFI,Démocrate Fédéraliste Indépendant,,,,,,,,,,,,,
WBE,BE14,PARTY,PP,Parti Populaire,,,,,,,,,,,,,
WBE,BE91,PARTY,Other parties W.,Other parties from French-speaking electoral college,,,,,,,,,,,,,
BG,BG01,PARTY,BSP/БСП,Bulgarska sotsialisticheska partiya/Българска социалистическа партия,,,Bulgaria,BG,BGR,100.0,ISO 3166-2:BG,Europe,Eastern Europe,,150.0,151.0,
BG,BG02,PARTY,DPS/ДПС,Dvizhenie za prava i svobodi/Движение за права и свободи,,,Bulgaria,BG,BGR,100.0,ISO 3166-2:BG,Europe,Eastern Europe,,150.0,151.0,
BG,BG03,PARTY,GERB/ГЕРБ,Coalition (Grazhdani za evropeysko razvitie na Balgariya + Sayuz na demokratichnite sili / Граждани за европейско развитие на България + Съюз на демократичните сили),,,Bulgaria,BG,BGR,100.0,ISO 3166-2:BG,Europe,Eastern Europe,,150.0,151.0,
BG,BG04,PARTY,Koalitsiya za Bulgaria/Коалиция за България,Koalitsiya za Bulgaria / Коалиция за България ( Alternativa za balgarsko vazrazhdane et al. / Алтернатива за българско възраждане и други),,,Bulgaria,BG,BGR,100.0,ISO 3166-2:BG,Europe,Eastern Europe,,150.0,151.0,
BG,BG05,PARTY,Volya/Воля,Volya / Воля,,,Bulgaria,BG,BGR,100.0,ISO 3166-2:BG,Europe,Eastern Europe,,150.0,151.0,
BG,BG06,PARTY,Demokratichna Bulgaria/Демократична България,Demokratichna Bulgaria / Демократична България,,,Bulgaria,BG,BGR,100.0,ISO 3166-2:BG,Europe,Eastern Europe,,150.0,151.0,
BG,BG07,PARTY,ATAKA/АТАКА,Partiya Ataka/Партия Атака,,,Bulgaria,BG,BGR,100.0,ISO 3166-2:BG,Europe,Eastern Europe,,150.0,151.0,
BG,BG08,PARTY,VMRO/ВМРО,VMRO - Bulgarsko Natsionalno Dvizhenie / ВМРО - Българско национално движение,,,Bulgaria,BG,BGR,100.0,ISO 3166-2:BG,Europe,Eastern Europe,,150.0,151.0,
BG,BG09,PARTY,NFSB/НФСБ,Natsionalen Front za Spasenie na Bulgaria/Национален фронт за спасение на България,,,Bulgaria,BG,BGR,100.0,ISO 3166-2:BG,Europe,Eastern Europe,,150.0,151.0,
BG,BG90,PARTY,Other parties,Other parties,,,Bulgaria,BG,BGR,100.0,ISO 3166-2:BG,Europe,Eastern Europe,,150.0,151.0,
CZ,CZ01,PARTY,ODS,Občanská demokratická strana,,,Czechia,CZ,CZE,203.0,ISO 3166-2:CZ,Europe,Eastern Europe,,150.0,151.0,
CZ,CZ02,PARTY,ČSSD,Česká strana sociálně demokratická,,,Czechia,CZ,CZE,203.0,ISO 3166-2:CZ,Europe,Eastern Europe,,150.0,151.0,
CZ,CZ03,PARTY,KSČM,Komunistická strana Čech a Moravy,,,Czechia,CZ,CZE,203.0,ISO 3166-2:CZ,Europe,Eastern Europe,,150.0,151.0,
CZ,CZ04,PARTY,KDU-ČSL,Křesťanská a demokratická unie – Československá strana lidová,,,Czechia,CZ,CZE,203.0,ISO 3166-2:CZ,Europe,Eastern Europe,,150.0,151.0,
CZ,CZ05,PARTY,TOP 09 + STAN,STAROSTOVÉ (STAN) s regionálními partnery a TOP 09,,,Czechia,CZ,CZE,203.0,ISO 3166-2:CZ,Europe,Eastern Europe,,150.0,151.0,
CZ,CZ06,PARTY,ANO 2011,ANO 2011,,,Czechia,CZ,CZE,203.0,ISO 3166-2:CZ,Europe,Eastern Europe,,150.0,151.0,
CZ,CZ07,PARTY,Piráti,Česká pirátská strana,,,Czechia,CZ,CZE,203.0,ISO 3166-2:CZ,Europe,Eastern Europe,,150.0,151.0,
CZ,CZ08,PARTY,SPD,Svoboda a přímá demokracie,,,Czechia,CZ,CZE,203.0,ISO 3166-2:CZ,Europe,Eastern Europe,,150.0,151.0,
CZ,CZ09,PARTY,HLAS,HLAS,,,Czechia,CZ,CZE,203.0,ISO 3166-2:CZ,Europe,Eastern Europe,,150.0,151.0,
CZ,CZ10,PARTY,EU TROLL,"ANO, vytrollíme europarlament",,,Czechia,CZ,CZE,203.0,ISO 3166-2:CZ,Europe,Eastern Europe,,150.0,151.0,
CZ,CZ11,PARTY,Vědci pro ČR,Vědci pro Českou republiku   ,,,Czechia,CZ,CZE,203.0,ISO 3166-2:CZ,Europe,Eastern Europe,,150.0,151.0,
CZ,CZ12,PARTY,Coal ROZUMNÍ ND,"Koalice Rozumní, ND",,,Czechia,CZ,CZE,203.0,ISO 3166-2:CZ,Europe,Eastern Europe,,150.0,151.0,
CZ,CZ90,PARTY,Other parties,Other parties,,,Czechia,CZ,CZE,203.0,ISO 3166-2:CZ,Europe,Eastern Europe,,150.0,151.0,
DK,DK01,PARTY,A (S),Socialdemokratiet,,,Denmark,DK,DNK,208.0,ISO 3166-2:DK,Europe,Northern Europe,,150.0,154.0,
DK,DK02,PARTY,B (RV),Det Radikale Venstre,,,Denmark,DK,DNK,208.0,ISO 3166-2:DK,Europe,Northern Europe,,150.0,154.0,
DK,DK03,PARTY,C (KF),Det Konservative Folkeparti,,,Denmark,DK,DNK,208.0,ISO 3166-2:DK,Europe,Northern Europe,,150.0,154.0,
DK,DK04,PARTY,F (SF),Socialistisk Folkeparti,,,Denmark,DK,DNK,208.0,ISO 3166-2:DK,Europe,Northern Europe,,150.0,154.0,
DK,DK05,PARTY,I (LA),Liberal Alliance,,,Denmark,DK,DNK,208.0,ISO 3166-2:DK,Europe,Northern Europe,,150.0,154.0,
DK,DK06,PARTY,N,Folkebevægelsen mod EU,,,Denmark,DK,DNK,208.0,ISO 3166-2:DK,Europe,Northern Europe,,150.0,154.0,
DK,DK07,PARTY,O (DF),Dansk Folkeparti,,,Denmark,DK,DNK,208.0,ISO 3166-2:DK,Europe,Northern Europe,,150.0,154.0,
DK,DK08,PARTY,V (V),"Venstre, Danmarks Liberale Parti",,,Denmark,DK,DNK,208.0,ISO 3166-2:DK,Europe,Northern Europe,,150.0,154.0,
DK,DK09,PARTY,Ø (EL),"""Enhedslisten, de Rød-Grønne""",,,Denmark,DK,DNK,208.0,ISO 3166-2:DK,Europe,Northern Europe,,150.0,154.0,
DK,DK10,PARTY,Å,Alternativet,,,Denmark,DK,DNK,208.0,ISO 3166-2:DK,Europe,Northern Europe,,150.0,154.0,
DK,DK90,PARTY,Other parties,Other parties,,,Denmark,DK,DNK,208.0,ISO 3166-2:DK,Europe,Northern Europe,,150.0,154.0,
DE,DE01,PARTY,CDU - CSU,Christlich Demokratische Union Deutschlands / Christlich-Soziale Union in Bayern e.V.,,,Germany,DE,DEU,276.0,ISO 3166-2:DE,Europe,Western Europe,,150.0,155.0,
DE,DE02,PARTY,SPD,Sozialdemokratische Partei Deutschlands,,,Germany,DE,DEU,276.0,ISO 3166-2:DE,Europe,Western Europe,,150.0,155.0,
DE,DE03,PARTY,GRÜNE,Bündnis 90/Die Grünen,,,Germany,DE,DEU,276.0,ISO 3166-2:DE,Europe,Western Europe,,150.0,155.0,
DE,DE04,PARTY,DIE LINKE,DIE LINKE,,,Germany,DE,DEU,276.0,ISO 3166-2:DE,Europe,Western Europe,,150.0,155.0,
DE,DE05,PARTY,AfD,Alternative für Deutschland,,,Germany,DE,DEU,276.0,ISO 3166-2:DE,Europe,Western Europe,,150.0,155.0,
DE,DE06,PARTY,FDP,Freie Demokratische Partei,,,Germany,DE,DEU,276.0,ISO 3166-2:DE,Europe,Western Europe,,150.0,155.0,
DE,DE07,PARTY,FREIE WÄHLER,FREIE WÄHLER,,,Germany,DE,DEU,276.0,ISO 3166-2:DE,Europe,Western Europe,,150.0,155.0,
DE,DE08,PARTY,PIRATEN,Piratenpartei Deutschland,,,Germany,DE,DEU,276.0,ISO 3166-2:DE,Europe,Western Europe,,150.0,155.0,
DE,DE09,PARTY,Tierschutzpartei,PARTEI MENSCH UMWELT TIERSCHUTZ,,,Germany,DE,DEU,276.0,ISO 3166-2:DE,Europe,Western Europe,,150.0,155.0,
DE,DE10,PARTY,NPD,Nationaldemokratische Partei Deutschlands,,,Germany,DE,DEU,276.0,ISO 3166-2:DE,Europe,Western Europe,,150.0,155.0,
DE,DE11,PARTY,FAMILIE,Familien-Partei Deutschlands,,,Germany,DE,DEU,276.0,ISO 3166-2:DE,Europe,Western Europe,,150.0,155.0,
DE,DE12,PARTY,ÖDP,Ökologisch-Demokratische Partei,,,Germany,DE,DEU,276.0,ISO 3166-2:DE,Europe,Western Europe,,150.0,155.0,
DE,DE13,PARTY,Die PARTEI,"Partei für Arbeit, Rechtsstaat, Tierschutz, Elitenförderung und basisdemokratische Initiative",,,Germany,DE,DEU,276.0,ISO 3166-2:DE,Europe,Western Europe,,150.0,155.0,
DE,DE14,PARTY,VOLT,VOLT,,,Germany,DE,DEU,276.0,ISO 3166-2:DE,Europe,Western Europe,,150.0,155.0,
DE,DE90,PARTY,Other parties,Other parties,,,Germany,DE,DEU,276.0,ISO 3166-2:DE,Europe,Western Europe,,150.0,155.0,
EE,EE01,PARTY,RE,Eesti Reformierakond,,,Estonia,EE,EST,233.0,ISO 3166-2:EE,Europe,Northern Europe,,150.0,154.0,
EE,EE02,PARTY,KE,Eesti Keskerakond,,,Estonia,EE,EST,233.0,ISO 3166-2:EE,Europe,Northern Europe,,150.0,154.0,
EE,EE03,PARTY,Isamaa,Isamaa Erakond,,,Estonia,EE,EST,233.0,ISO 3166-2:EE,Europe,Northern Europe,,150.0,154.0,
EE,EE04,PARTY,SDE,Sotsiaaldemokraatlik Erakond,,,Estonia,EE,EST,233.0,ISO 3166-2:EE,Europe,Northern Europe,,150.0,154.0,
EE,EE05,PARTY,EER,Erakond Eestimaa Rohelised,,,Estonia,EE,EST,233.0,ISO 3166-2:EE,Europe,Northern Europe,,150.0,154.0,
EE,EE06,PARTY,EKRE,Eesti Konservatiivne Rahvaerakond,,,Estonia,EE,EST,233.0,ISO 3166-2:EE,Europe,Northern Europe,,150.0,154.0,
EE,EE07,PARTY,Eesti 200,Erakond Eesti 200,,,Estonia,EE,EST,233.0,ISO 3166-2:EE,Europe,Northern Europe,,150.0,154.0,
EE,EE08,PARTY,ERE,Elurikkuse Erakond,,,Estonia,EE,EST,233.0,ISO 3166-2:EE,Europe,Northern Europe,,150.0,154.0,
EE,EE90,PARTY,Other parties,Other parties,,,Estonia,EE,EST,233.0,ISO 3166-2:EE,Europe,Northern Europe,,150.0,154.0,
IE,IE01,PARTY,FF,Fianna Fáil Party,,,Ireland,IE,IRL,372.0,ISO 3166-2:IE,Europe,Northern Europe,,150.0,154.0,
IE,IE02,PARTY,FG,Fine Gael Party,,,Ireland,IE,IRL,372.0,ISO 3166-2:IE,Europe,Northern Europe,,150.0,154.0,
IE,IE03,PARTY,LAB,Labour Party,,,Ireland,IE,IRL,372.0,ISO 3166-2:IE,Europe,Northern Europe,,150.0,154.0,
IE,IE04,PARTY,GP,Green Party,,,Ireland,IE,IRL,372.0,ISO 3166-2:IE,Europe,Northern Europe,,150.0,154.0,
IE,IE05,PARTY,SF,Sinn Féin,,,Ireland,IE,IRL,372.0,ISO 3166-2:IE,Europe,Northern Europe,,150.0,154.0,
IE,IE06,PARTY,Ind.,Independents,,,Ireland,IE,IRL,372.0,ISO 3166-2:IE,Europe,Northern Europe,,150.0,154.0,
IE,IE07,PARTY,SD,Social Democrats,,,Ireland,IE,IRL,372.0,ISO 3166-2:IE,Europe,Northern Europe,,150.0,154.0,
IE,IE08,PARTY,I4C,Independents 4 Change,,,Ireland,IE,IRL,372.0,ISO 3166-2:IE,Europe,Northern Europe,,150.0,154.0,
IE,IE90,PARTY,Other parties,Other parties,,,Ireland,IE,IRL,372.0,ISO 3166-2:IE,Europe,Northern Europe,,150.0,154.0,
EL,EL01,PARTY,Ν.Δ/N.D.,Νέα Δημοκρατία/New Democracy,,,,,,,,,,,,,
EL,EL02,PARTY,Coal. KINAL/ΚΙΝΑΛ ( ΠΑΣΟΚ + ΔΗΣΥ + ΚΙΔΗΣΟ / PASOK + DISI + KIDISO),Coalition Κίνημα Αλλαγής/Movement for Change (Πανελλήνιο Σοσιαλιστικό Κίνημα + Δημοκρατική Συμπαράταξη + Κίνημα Δημοκρατών Σοσιαλιστών / Panhellenic Socialist Movement + Democratic Alignment + Movement of Democratic Socialists),,,,,,,,,,,,,
EL,EL03,PARTY,KKE,Κομμουνιστικό Κόμμα Ελλάδας/Communist Party of Greece,,,,,,,,,,,,,
EL,EL04,PARTY,ΣΥ.ΡΙ.ΖΑ./SY.RΙ.ΖΑ.,Συνασπισμός Ριζοσπαστικής Αριστεράς/Coalition of the Radical Left,,,,,,,,,,,,,
EL,EL05,PARTY,X.A.,Χρυσή Αυγή/Golden Dawn,,,,,,,,,,,,,
EL,EL06,PARTY,ΑΝ.ΕΛ/ANEL,Ανεξάρτητοι Έλληνες/Independent Greeks,,,,,,,,,,,,,
EL,EL07,PARTY,E.K.,Ένωση Κεντρώων / Union of Centrists,,,,,,,,,,,,,
EL,EL08,PARTY,ΛΑΕ/LAE,Λαϊκή Ενότητα-Μέτωπο ανατροπής / Popular Unity,,,,,,,,,,,,,
EL,EL09,PARTY,ΕΛ/EL,Ελληνική Λύση / Greek Solution,,,,,,,,,,,,,
EL,EL10,PARTY,To Potami,Το Ποτάμι/The River,,,,,,,,,,,,,
EL,EL11,PARTY,Πλεύση Ελευθερίας /Course of Freedom,Πλεύση Ελευθερίας /Course of Freedom,,,,,,,,,,,,,
EL,EL12,PARTY,ΑΝΤ.ΑΡ.ΣΥ.Α/ANT.AR.SY.A,Αντικαπιταλιστική Αριστερή Συνεργασία για την Ανατροπή/Front of the Greek Anticapitalist Left ,,,,,,,,,,,,,
EL,EL13,PARTY,ΜέΡΑ25/DiEM25,Μέτωπο Ευρωπαϊκής Ρεαλιστικής Ανυπακοής /European Realistic Disobedience Front,,,,,,,,,,,,,
EL,EL14,PARTY,Ο.Π./O.P.,Οικολόγοι Πράσινοι/Ecologist Greens,,,,,,,,,,,,,
EL,EL90,PARTY,Other parties,Other parties,,,,,,,,,,,,,
ES,ES01,PARTY,PSOE/PSC,Partido Socialista Obrero Español + Partido de los Socialistas de Cataluña,,,Spain,ES,ESP,724.0,ISO 3166-2:ES,Europe,Southern Europe,,150.0,39.0,
ES,ES02,PARTY,PP,Partido Popular,,,Spain,ES,ESP,724.0,ISO 3166-2:ES,Europe,Southern Europe,,150.0,39.0,
ES,ES03,PARTY,Coal (UP + IU + Catalunya en Comú + Barcelona en Comú),Coalition Unidas Podemos Cambiar Europa (Unidas Podemos + Izquierda Unida + Catalunya en Comú + Barcelona en Comú),,,Spain,ES,ESP,724.0,ISO 3166-2:ES,Europe,Southern Europe,,150.0,39.0,
ES,ES04,PARTY,Coal (EAJ-PNV + CC + CxG + Atarrabia Taldea + El Pi + Demòcrates Valencians),Coalition por una Europa Solidaria (Euzko Alderdi Jeltzalea - Partido Nacionalista Vasco + Coalición Canaria + Compromiso por Galicia + Atarrabia Taldea + Proposta per les Illes Balears y Demòcrates Valencians),,,Spain,ES,ESP,724.0,ISO 3166-2:ES,Europe,Southern Europe,,150.0,39.0,
ES,ES05,PARTY,C's,Ciudadanos - Partido de la Ciudadanía,,,Spain,ES,ESP,724.0,ISO 3166-2:ES,Europe,Southern Europe,,150.0,39.0,
ES,ES06,PARTY,Coal (PdCat + JXCat),Coal LLIURES PER EUROPA (JUNTS) (Partit Demòcrata Europeu Català  + Junts per Catalunya),,,Spain,ES,ESP,724.0,ISO 3166-2:ES,Europe,Southern Europe,,150.0,39.0,
ES,ES07,PARTY,VOX,VOX,,,Spain,ES,ESP,724.0,ISO 3166-2:ES,Europe,Southern Europe,,150.0,39.0,
ES,ES08,PARTY,Coal (ERC + Bildu + BNG),Coalition Ahora Repúblicas (Esquerra Republicana de Catalunya + Euskal Herria Bildu + El Bloque Nacionalista Galego),,,Spain,ES,ESP,724.0,ISO 3166-2:ES,Europe,Southern Europe,,150.0,39.0,
ES,ES09,PARTY,Coal (Compromís + En Marea +CHA + PCAS + Caballas + NC + Mès + CpM + Iniciativa + Izquierda Andalucista + PvE),Coalition Compromiso por Europa (Compromís + En Marea +Chunta Aragonesista + Partido Castellano + Coalición Caballas + Nueva Canarias + Més per Mallorca + Coalición por Melilla + Iniciativa del Pueblo Andaluz + Izquierda Andalucista + Verdes de Europa),,,Spain,ES,ESP,724.0,ISO 3166-2:ES,Europe,Southern Europe,,150.0,39.0,
ES,ES10,PARTY,PACMA,Partido Animalista Contra el Maltrato Animal ,,,Spain,ES,ESP,724.0,ISO 3166-2:ES,Europe,Southern Europe,,150.0,39.0,
ES,ES90,PARTY,Other parties,Other parties,,,Spain,ES,ESP,724.0,ISO 3166-2:ES,Europe,Southern Europe,,150.0,39.0,
FR,FR01,PARTY,FI,France insoumise,,,France,FR,FRA,250.0,ISO 3166-2:FR,Europe,Western Europe,,150.0,155.0,
FR,FR02,PARTY,Coal (PS + RDG + PP + N),Coalition Envie d'Europe écologique et sociale (Parti Socialiste + Radicaux de Gauche + Place publique + Nouvelle Donne),,,France,FR,FRA,250.0,ISO 3166-2:FR,Europe,Western Europe,,150.0,155.0,
FR,FR03,PARTY,EELV,Europe écologie-Les verts,,,France,FR,FRA,250.0,ISO 3166-2:FR,Europe,Western Europe,,150.0,155.0,
FR,FR04,PARTY,LR,Les Républicains - Union de la droite et du centre,,,France,FR,FRA,250.0,ISO 3166-2:FR,Europe,Western Europe,,150.0,155.0,
FR,FR05,PARTY,RN,Rassemblement national,,,France,FR,FRA,250.0,ISO 3166-2:FR,Europe,Western Europe,,150.0,155.0,
FR,FR06,PARTY,DLF + CNIP,Debout la France + CNIP,,,France,FR,FRA,250.0,ISO 3166-2:FR,Europe,Western Europe,,150.0,155.0,
FR,FR07,PARTY,Coal (LREM + MoDem + A + MRSL),"Coalition Renaissance (La Republique En marche! + MoDem + Agir + Mouvement radical, social et libéral)",,,France,FR,FRA,250.0,ISO 3166-2:FR,Europe,Western Europe,,150.0,155.0,
FR,FR08,PARTY,PCF,Parti communiste français,,,France,FR,FRA,250.0,ISO 3166-2:FR,Europe,Western Europe,,150.0,155.0,
FR,FR09,PARTY,UDI,Union des Démocrates et Indépendants,,,France,FR,FRA,250.0,ISO 3166-2:FR,Europe,Western Europe,,150.0,155.0,
FR,FR10,PARTY,Generation.s,Generation.s,,,France,FR,FRA,250.0,ISO 3166-2:FR,Europe,Western Europe,,150.0,155.0,
FR,FR90,PARTY,Other parties,Other parties,,,France,FR,FRA,250.0,ISO 3166-2:FR,Europe,Western Europe,,150.0,155.0,
IT,IT01,PARTY,LN,Lega Salvini Premier,,,Italy,IT,ITA,380.0,ISO 3166-2:IT,Europe,Southern Europe,,150.0,39.0,
IT,IT02,PARTY,PD,Partito Democratico (con Siamo Europei),,,Italy,IT,ITA,380.0,ISO 3166-2:IT,Europe,Southern Europe,,150.0,39.0,
IT,IT03,PARTY,FI,Forza Italia,,,Italy,IT,ITA,380.0,ISO 3166-2:IT,Europe,Southern Europe,,150.0,39.0,
IT,IT04,PARTY,FDI,Fratelli d'Italia,,,Italy,IT,ITA,380.0,ISO 3166-2:IT,Europe,Southern Europe,,150.0,39.0,
IT,IT05,PARTY,M5S,Movimento Cinque Stelle,,,Italy,IT,ITA,380.0,ISO 3166-2:IT,Europe,Southern Europe,,150.0,39.0,
IT,IT06,PARTY,Coal +E (+E + IC + PDE et al.),Coalition +Europa (+ Europa - Italia in Comune - Partito Democratico Europeo).,,,Italy,IT,ITA,380.0,ISO 3166-2:IT,Europe,Southern Europe,,150.0,39.0,
IT,IT07,PARTY,Coal La Sinistra (SI + RC),Coalition La Sinistra (Sinistra italiana + Rifondazione comunista + Altra Europa con Tsipras + Partito del Sud + Transform Itali + Convergenza Socialista),,,Italy,IT,ITA,380.0,ISO 3166-2:IT,Europe,Southern Europe,,150.0,39.0,
IT,IT08,PARTY,SVP,Südtiroler Volkspartei (Partito popolare sudtirolese),,,Italy,IT,ITA,380.0,ISO 3166-2:IT,Europe,Southern Europe,,150.0,39.0,
IT,IT09,PARTY,FdV (Verdi+Possibile et al.),Coalition Federazione dei Verdi (Verdi + Possibile + Green Italia et al.).,,,Italy,IT,ITA,380.0,ISO 3166-2:IT,Europe,Southern Europe,,150.0,39.0,
IT,IT90,PARTY,Other parties,Other parties,,,Italy,IT,ITA,380.0,ISO 3166-2:IT,Europe,Southern Europe,,150.0,39.0,
CY,CY01,PARTY,ΔΗΣΥ/DISY,Δημοκρατικός Συναγερμός/Democratic Rally,,,Cyprus,CY,CYP,196.0,ISO 3166-2:CY,Asia,Western Asia,,142.0,145.0,
CY,CY02,PARTY,ΑΚΕΛ/ΑΚΕL,Ανορθωτικό Κόμμα Εργαζόμενου Λαού/Progressive Party of Working People,,,Cyprus,CY,CYP,196.0,ISO 3166-2:CY,Asia,Western Asia,,142.0,145.0,
CY,CY03,PARTY,ΔΗΚΟ/DIKO,Δημοκρατικό Κόμμα/Democratic Party,,,Cyprus,CY,CYP,196.0,ISO 3166-2:CY,Asia,Western Asia,,142.0,145.0,
CY,CY04,PARTY,ΕΔΕΚ/ EDEK,ΕΔΕΚ Κίνημα Σοσιαλδημοκρατών/Movement for Social Democrats EDEK,,,Cyprus,CY,CYP,196.0,ISO 3166-2:CY,Asia,Western Asia,,142.0,145.0,
CY,CY05,PARTY,ΕΛΑΜ/ELAM,Εθνικό Λαϊκό Μέτωπο/National Popular Front,,,Cyprus,CY,CYP,196.0,ISO 3166-2:CY,Asia,Western Asia,,142.0,145.0,
CY,CY06,PARTY,Συμμαχία-Οικολόγοι/Symmaxia-Ecologist,Συμμαχία Πολιτών-Κίνημα Οικολόγων/Citizens Alliance-Movement of Ecologist,,,Cyprus,CY,CYP,196.0,ISO 3166-2:CY,Asia,Western Asia,,142.0,145.0,
CY,CY07,PARTY,ΔHΠΑ/DIPA,Δημοκρατική Παράταξη / Democratic Alingment,,,Cyprus,CY,CYP,196.0,ISO 3166-2:CY,Asia,Western Asia,,142.0,145.0,
CY,CY90,PARTY,Other parties,Other parties,,,Cyprus,CY,CYP,196.0,ISO 3166-2:CY,Asia,Western Asia,,142.0,145.0,
LV,LV01,PARTY,JV,Jaunā Vienotība,,,Latvia,LV,LVA,428.0,ISO 3166-2:LV,Europe,Northern Europe,,150.0,154.0,
LV,LV02,PARTY,Coal. NA (TB/LNNK+VL!),Coalition Nacionālā apvienība (Tēvzemei un Brīvībai/LNNK + Visu Latvijai!),,,Latvia,LV,LVA,428.0,ISO 3166-2:LV,Europe,Northern Europe,,150.0,154.0,
LV,LV03,PARTY,Saskaņa SDP,Saskaņa Sociāldemokrātiskā partija,,,Latvia,LV,LVA,428.0,ISO 3166-2:LV,Europe,Northern Europe,,150.0,154.0,
LV,LV04,PARTY,Coal. ZZS (LZS+LZP),Coalition Zaļo un Zemnieku Savienība (Latvijas Zemnieku Savienība + Latvijas Zaļā Partija),,,Latvia,LV,LVA,428.0,ISO 3166-2:LV,Europe,Northern Europe,,150.0,154.0,
LV,LV05,PARTY,LRA,Latvijas Reģionu apvienība,,,Latvia,LV,LVA,428.0,ISO 3166-2:LV,Europe,Northern Europe,,150.0,154.0,
LV,LV06,PARTY,KPV LV,Kam pieder valsts?,,,Latvia,LV,LVA,428.0,ISO 3166-2:LV,Europe,Northern Europe,,150.0,154.0,
LV,LV07,PARTY,JKP,Jaunā konservatīvā partija,,,Latvia,LV,LVA,428.0,ISO 3166-2:LV,Europe,Northern Europe,,150.0,154.0,
LV,LV08,PARTY,Coal. AP! (Latvijas attīstībai + Par!),Coalition AP! (Latvijas attīstībai + Kustība Par!),,,Latvia,LV,LVA,428.0,ISO 3166-2:LV,Europe,Northern Europe,,150.0,154.0,
LV,LV09,PARTY,LKS,Latvijas Krievu savienībā,,,Latvia,LV,LVA,428.0,ISO 3166-2:LV,Europe,Northern Europe,,150.0,154.0,
LV,LV10,PARTY,RP,Rīcības partija,,,Latvia,LV,LVA,428.0,ISO 3166-2:LV,Europe,Northern Europe,,150.0,154.0,
LV,LV11,PARTY,Progresīvie,Progresīvie,,,Latvia,LV,LVA,428.0,ISO 3166-2:LV,Europe,Northern Europe,,150.0,154.0,
LV,LV12,PARTY,LSDSP,Latvijas Sociāldemokrātiskā strādnieku partija,,,Latvia,LV,LVA,428.0,ISO 3166-2:LV,Europe,Northern Europe,,150.0,154.0,
LV,LV13,PARTY,LN,Latviešu Nacionālisti,,,Latvia,LV,LVA,428.0,ISO 3166-2:LV,Europe,Northern Europe,,150.0,154.0,
LV,LV14,PARTY,JS,Jaunā Saskaņa,,,Latvia,LV,LVA,428.0,ISO 3166-2:LV,Europe,Northern Europe,,150.0,154.0,
LV,LV15,PARTY,CP,Centra partija,,,Latvia,LV,LVA,428.0,ISO 3166-2:LV,Europe,Northern Europe,,150.0,154.0,
LV,LV16,PARTY,Coal. Atmoda,Coalition Atmoda,,,Latvia,LV,LVA,428.0,ISO 3166-2:LV,Europe,Northern Europe,,150.0,154.0,
LV,LV90,PARTY,Other parties,Other parties,,,Latvia,LV,LVA,428.0,ISO 3166-2:LV,Europe,Northern Europe,,150.0,154.0,
LT,LT01,PARTY,DP,Darbo partija,,,Lithuania,LT,LTU,440.0,ISO 3166-2:LT,Europe,Northern Europe,,150.0,154.0,
LT,LT02,PARTY,LLRA-KŠS,Lietuvos lenkų rinkimų akcija - krikščioniškų šeimų sąjunga,,,Lithuania,LT,LTU,440.0,ISO 3166-2:LT,Europe,Northern Europe,,150.0,154.0,
LT,LT03,PARTY,LRLS,Lietuvos Respublikos liberalų sąjūdis,,,Lithuania,LT,LTU,440.0,ISO 3166-2:LT,Europe,Northern Europe,,150.0,154.0,
LT,LT04,PARTY,LSDP,Lietuvos socialdemokratų partija,,,Lithuania,LT,LTU,440.0,ISO 3166-2:LT,Europe,Northern Europe,,150.0,154.0,
LT,LT05,PARTY,LVŽS,Lietuvos Valstiečių ir Žaliųjų Sąjunga,,,Lithuania,LT,LTU,440.0,ISO 3166-2:LT,Europe,Northern Europe,,150.0,154.0,
LT,LT06,PARTY,TT,Partija Tvarka ir teisingumas,,,Lithuania,LT,LTU,440.0,ISO 3166-2:LT,Europe,Northern Europe,,150.0,154.0,
LT,LT07,PARTY,TS-LKD,Tėvynės sąjunga - Lietuvos krikščionys demokratai,,,Lithuania,LT,LTU,440.0,ISO 3166-2:LT,Europe,Northern Europe,,150.0,154.0,
LT,LT08,PARTY,LCP,Lietuvos Centro Partija,,,Lithuania,LT,LTU,440.0,ISO 3166-2:LT,Europe,Northern Europe,,150.0,154.0,
LT,LT09,PARTY,LSDDP,Lietuvos socialdemokratų darbo partija,,,Lithuania,LT,LTU,440.0,ISO 3166-2:LT,Europe,Northern Europe,,150.0,154.0,
LT,LT10,PARTY,LŽP,Lietuvos žaliųjų partija,,,Lithuania,LT,LTU,440.0,ISO 3166-2:LT,Europe,Northern Europe,,150.0,154.0,
LT,LT11,PARTY,LLS,Lietuvos laisvės sąjunga (liberalai),,,Lithuania,LT,LTU,440.0,ISO 3166-2:LT,Europe,Northern Europe,,150.0,154.0,
LT,LT12,PARTY,VKM-AMT,Visuomeninis rinkimų komitetas „Aušros Maldeikienės traukinys“,,,Lithuania,LT,LTU,440.0,ISO 3166-2:LT,Europe,Northern Europe,,150.0,154.0,
LT,LT13,PARTY,VKM-PRPJ,Visuomeninis rinkimų komitetas „Prezidento Rolando Pakso judėjimas“,,,Lithuania,LT,LTU,440.0,ISO 3166-2:LT,Europe,Northern Europe,,150.0,154.0,
LT,LT14,PARTY,VKM-VRSV,Visuomeninis rinkimų komitetas „Vytautas Radžvilas: susigrąžinkime valstybę!“,,,Lithuania,LT,LTU,440.0,ISO 3166-2:LT,Europe,Northern Europe,,150.0,154.0,
LT,LT90,PARTY,Other parties,Other parties,,,Lithuania,LT,LTU,440.0,ISO 3166-2:LT,Europe,Northern Europe,,150.0,154.0,
LU,LU01,PARTY,Déi Gréng/Les Verts,Déi Gréng/Les Verts,,,Luxembourg,LU,LUX,442.0,ISO 3166-2:LU,Europe,Western Europe,,150.0,155.0,
LU,LU02,PARTY,LSAP/POSL,Lëtzebuerger Sozialistesch Aarbechterpartei/Parti ouvrier socialiste luxembourgeois,,,Luxembourg,LU,LUX,442.0,ISO 3166-2:LU,Europe,Western Europe,,150.0,155.0,
LU,LU03,PARTY,DP/PD,Demokratesch Partei/Parti démocratique,,,Luxembourg,LU,LUX,442.0,ISO 3166-2:LU,Europe,Western Europe,,150.0,155.0,
LU,LU04,PARTY,Déi Lénk/La gauche,Déi Lénk/La gauche,,,Luxembourg,LU,LUX,442.0,ISO 3166-2:LU,Europe,Western Europe,,150.0,155.0,
LU,LU05,PARTY,CSV/PCS,Chrëschtlech-Sozial Vollekspartei/Parti populaire chrétien-social,,,Luxembourg,LU,LUX,442.0,ISO 3166-2:LU,Europe,Western Europe,,150.0,155.0,
LU,LU06,PARTY,ADR/PADR,Alternativ Demokratesch Reformpartei/Parti alternatif et démocratique de réformes,,,Luxembourg,LU,LUX,442.0,ISO 3166-2:LU,Europe,Western Europe,,150.0,155.0,
LU,LU07,PARTY,Piraten/Parti pirate,Piratepartei/Parti pirate,,,Luxembourg,LU,LUX,442.0,ISO 3166-2:LU,Europe,Western Europe,,150.0,155.0,
LU,LU08,PARTY,KPL/PCL,Kommunistesch Partei vu Lëtzebuerg/Parti Communiste Luxembourgeois,,,Luxembourg,LU,LUX,442.0,ISO 3166-2:LU,Europe,Western Europe,,150.0,155.0,
LU,LU09,PARTY,Déi Konservativ/Les Conservateurs,Déi Konservativ/Les Conservateurs,,,Luxembourg,LU,LUX,442.0,ISO 3166-2:LU,Europe,Western Europe,,150.0,155.0,
LU,LU10,PARTY,Volt/Volt Europe,Volt,,,Luxembourg,LU,LUX,442.0,ISO 3166-2:LU,Europe,Western Europe,,150.0,155.0,
HU,HU01,PARTY,DK,Demokratikus Koalíció,,,Hungary,HU,HUN,348.0,ISO 3166-2:HU,Europe,Eastern Europe,,150.0,151.0,
HU,HU02,PARTY,Coal (FIDESZ + KDNP),Coalition (FIDESZ - Magyar Polgári Szövetség + Kereszténydemokrata Néppárt),,,Hungary,HU,HUN,348.0,ISO 3166-2:HU,Europe,Eastern Europe,,150.0,151.0,
HU,HU03,PARTY,JOBBIK,Jobbik Magyarországért Mozgalom,,,Hungary,HU,HUN,348.0,ISO 3166-2:HU,Europe,Eastern Europe,,150.0,151.0,
HU,HU04,PARTY,LMP,Lehet Más a Politika,,,Hungary,HU,HUN,348.0,ISO 3166-2:HU,Europe,Eastern Europe,,150.0,151.0,
HU,HU05,PARTY,MKKP,Magyar Kétfarkú Kutyapárt,,,Hungary,HU,HUN,348.0,ISO 3166-2:HU,Europe,Eastern Europe,,150.0,151.0,
HU,HU06,PARTY,Momentum,Momentum Mozgalom,,,Hungary,HU,HUN,348.0,ISO 3166-2:HU,Europe,Eastern Europe,,150.0,151.0,
HU,HU07,PARTY,Coal (MSZP + Párbeszéd),Coaltion (Magyar Szocialista Párt + Párbeszéd Magyarországért),,,Hungary,HU,HUN,348.0,ISO 3166-2:HU,Europe,Eastern Europe,,150.0,151.0,
HU,HU08,PARTY,Mi Hazánk,Mi Hazánk Mozgalom,,,Hungary,HU,HUN,348.0,ISO 3166-2:HU,Europe,Eastern Europe,,150.0,151.0,
HU,HU90,PARTY,Other parties,Other parties,,,Hungary,HU,HUN,348.0,ISO 3166-2:HU,Europe,Eastern Europe,,150.0,151.0,
MT,MT01,PARTY,PN/NP,Partit Nazzjonalista/Nationalist Party,,,Malta,MT,MLT,470.0,ISO 3166-2:MT,Europe,Southern Europe,,150.0,39.0,
MT,MT02,PARTY,PL/MLP,Partit Laburista/Malta Labour Party,,,Malta,MT,MLT,470.0,ISO 3166-2:MT,Europe,Southern Europe,,150.0,39.0,
MT,MT03,PARTY,AD/DA,Alternattiva Demokratika/Democratic Alternative,,,Malta,MT,MLT,470.0,ISO 3166-2:MT,Europe,Southern Europe,,150.0,39.0,
MT,MT04,PARTY,PD,Partit Demokratiku/Democratic Party,,,Malta,MT,MLT,470.0,ISO 3166-2:MT,Europe,Southern Europe,,150.0,39.0,
MT,MT90,PARTY,Other parties,Other parties,,,Malta,MT,MLT,470.0,ISO 3166-2:MT,Europe,Southern Europe,,150.0,39.0,
NL,NL01,PARTY,CDA,Christen-Democratisch Appèl,,,Netherlands,NL,NLD,528.0,ISO 3166-2:NL,Europe,Western Europe,,150.0,155.0,
NL,NL02,PARTY,PvdA,Partij van de Arbeid,,,Netherlands,NL,NLD,528.0,ISO 3166-2:NL,Europe,Western Europe,,150.0,155.0,
NL,NL03,PARTY,SP,Socialistische Partij,,,Netherlands,NL,NLD,528.0,ISO 3166-2:NL,Europe,Western Europe,,150.0,155.0,
NL,NL04,PARTY,VVD,Volkspartij voor Vrijheid en Democratie,,,Netherlands,NL,NLD,528.0,ISO 3166-2:NL,Europe,Western Europe,,150.0,155.0,
NL,NL05,PARTY,GroenLinks,GroenLinks,,,Netherlands,NL,NLD,528.0,ISO 3166-2:NL,Europe,Western Europe,,150.0,155.0,
NL,NL06,PARTY,PVV,Partij voor de Vrijheid,,,Netherlands,NL,NLD,528.0,ISO 3166-2:NL,Europe,Western Europe,,150.0,155.0,
NL,NL07,PARTY,D66,Democraten 66,,,Netherlands,NL,NLD,528.0,ISO 3166-2:NL,Europe,Western Europe,,150.0,155.0,
NL,NL08,PARTY,PvdD,Partij voor de Dieren,,,Netherlands,NL,NLD,528.0,ISO 3166-2:NL,Europe,Western Europe,,150.0,155.0,
NL,NL09,PARTY,Coalition CU - SGP,ChristenUnie - Staatkundig Gereformeerde Partij,,,Netherlands,NL,NLD,528.0,ISO 3166-2:NL,Europe,Western Europe,,150.0,155.0,
NL,NL10,PARTY,50+,50Plus,,,Netherlands,NL,NLD,528.0,ISO 3166-2:NL,Europe,Western Europe,,150.0,155.0,
NL,NL11,PARTY,DENK,DENK,,,Netherlands,NL,NLD,528.0,ISO 3166-2:NL,Europe,Western Europe,,150.0,155.0,
NL,NL12,PARTY,FvD,Forum voor Democratie,,,Netherlands,NL,NLD,528.0,ISO 3166-2:NL,Europe,Western Europe,,150.0,155.0,
NL,NL13,PARTY,Volt,Volt,,,Netherlands,NL,NLD,528.0,ISO 3166-2:NL,Europe,Western Europe,,150.0,155.0,
NL,NL90,PARTY,Other parties,Other parties,,,Netherlands,NL,NLD,528.0,ISO 3166-2:NL,Europe,Western Europe,,150.0,155.0,
AT,AT01,PARTY,SPÖ,Sozialdemokratische Partei Österreich,,,Austria,AT,AUT,40.0,ISO 3166-2:AT,Europe,Western Europe,,150.0,155.0,
AT,AT02,PARTY,ÖVP,Österreichische Volkspartei,,,Austria,AT,AUT,40.0,ISO 3166-2:AT,Europe,Western Europe,,150.0,155.0,
AT,AT03,PARTY,FPÖ,Freiheitliche Partei Österreichs,,,Austria,AT,AUT,40.0,ISO 3166-2:AT,Europe,Western Europe,,150.0,155.0,
AT,AT04,PARTY,GRÜNE,Die Grünen - Die Grüne Alternative,,,Austria,AT,AUT,40.0,ISO 3166-2:AT,Europe,Western Europe,,150.0,155.0,
AT,AT05,PARTY,NEOS,NEOS - Das neue Österreich,,,Austria,AT,AUT,40.0,ISO 3166-2:AT,Europe,Western Europe,,150.0,155.0,
AT,AT06,PARTY,JETZT,JETZT - Liste Pilz,,,Austria,AT,AUT,40.0,ISO 3166-2:AT,Europe,Western Europe,,150.0,155.0,
AT,AT90,PARTY,Other parties,Other parties,,,Austria,AT,AUT,40.0,ISO 3166-2:AT,Europe,Western Europe,,150.0,155.0,
PL,PL01,PARTY,PiS,Prawo i Sprawiedliwość,,,Poland,PL,POL,616.0,ISO 3166-2:PL,Europe,Eastern Europe,,150.0,151.0,
PL,PL02,PARTY,Konfederacja,Konfederacja KORWiN Braun Liroy Narodowcy,,,Poland,PL,POL,616.0,ISO 3166-2:PL,Europe,Eastern Europe,,150.0,151.0,
PL,PL03,PARTY,Kukiz'15,Kukiz'15,,,Poland,PL,POL,616.0,ISO 3166-2:PL,Europe,Eastern Europe,,150.0,151.0,
PL,PL04,PARTY,Wiosna,Wiosna Roberta Biedronia,,,Poland,PL,POL,616.0,ISO 3166-2:PL,Europe,Eastern Europe,,150.0,151.0,
PL,PL05,COALITION,Coal KE (PO + PSL + SLD + .N + Z),Coalition Koalicja Europejska (Platforma Obywatelska + Polskie Stronnictwo Ludowe + Sojusz Lewicy Demokratycznej + Nowoczesna + Partia Zieloni),,PL06|PL07,Poland,PL,POL,616.0,ISO 3166-2:PL,Europe,Eastern Europe,,150.0,151.0,
PL,PL06,PARTY,PO + PSL + Ind.,Platforma Obywatelska + Polskie Stronnictwo Ludowe + Independent,PL05,,Poland,PL,POL,616.0,ISO 3166-2:PL,Europe,Eastern Europe,,150.0,151.0,
PL,PL07,PARTY,SLD,Sojusz Lewicy Demokratycznej,PL05,,Poland,PL,POL,616.0,ISO 3166-2:PL,Europe,Eastern Europe,,150.0,151.0,
PL,PL08,PARTY,Polska Fair Play,Polska Fair Play Bezpartyjni Gwiazdowski ,,,Poland,PL,POL,616.0,ISO 3166-2:PL,Europe,Eastern Europe,,150.0,151.0,
PL,PL09,PARTY,Coal Lewica Razem (PR + UP + RSS),Coalition Lewica Razem (Partia Razem + Unia Pracy + Ruch Sprawiedliwości Społecznej),,,Poland,PL,POL,616.0,ISO 3166-2:PL,Europe,Eastern Europe,,150.0,151.0,
PL,PL90,PARTY,Other parties,Other parties,,,Poland,PL,POL,616.0,ISO 3166-2:PL,Europe,Eastern Europe,,150.0,151.0,
PT,PT01,PARTY,B.E.,Bloco de Esquerda,,,Portugal,PT,PRT,620.0,ISO 3166-2:PT,Europe,Southern Europe,,150.0,39.0,
PT,PT02,PARTY,CDU (PCP + PEV),Coligação Democrática Unitária (Partido Comunista Português + Partido Ecologista os Verdes),,,Portugal,PT,PRT,620.0,ISO 3166-2:PT,Europe,Southern Europe,,150.0,39.0,
PT,PT03,PARTY,PS,Partido Socialista,,,Portugal,PT,PRT,620.0,ISO 3166-2:PT,Europe,Southern Europe,,150.0,39.0,
PT,PT04,PARTY,PSD,Partido Social Democrata,,,Portugal,PT,PRT,620.0,ISO 3166-2:PT,Europe,Southern Europe,,150.0,39.0,
PT,PT05,PARTY,CDS-PP,CDS - Partido Popular,,,Portugal,PT,PRT,620.0,ISO 3166-2:PT,Europe,Southern Europe,,150.0,39.0,
PT,PT06,PARTY,PAN,Pessoas–Animais–Natureza,,,Portugal,PT,PRT,620.0,ISO 3166-2:PT,Europe,Southern Europe,,150.0,39.0,
PT,PT07,PARTY,A,Aliança,,,Portugal,PT,PRT,620.0,ISO 3166-2:PT,Europe,Southern Europe,,150.0,39.0,
PT,PT90,PARTY,Other parties,Other parties,,,Portugal,PT,PRT,620.0,ISO 3166-2:PT,Europe,Southern Europe,,150.0,39.0,
RO,RO01,PARTY,PSD,Partidul Social Democrat,,,Romania,RO,ROU,642.0,ISO 3166-2:RO,Europe,Eastern Europe,,150.0,151.0,
RO,RO02,PARTY,ALDE,Alianța Liberalilor și Democraților,,,Romania,RO,ROU,642.0,ISO 3166-2:RO,Europe,Eastern Europe,,150.0,151.0,
RO,RO03,PARTY,PNL,Partidul Naţional Liberal,,,Romania,RO,ROU,642.0,ISO 3166-2:RO,Europe,Eastern Europe,,150.0,151.0,
RO,RO04,PARTY,UDMR,Romániai Magyar Demokrata Szövetség/Uniunea Democrată Maghiară din România,,,Romania,RO,ROU,642.0,ISO 3166-2:RO,Europe,Eastern Europe,,150.0,151.0,
RO,RO05,PARTY,PMP,Partidul Mișcarea Populară,,,Romania,RO,ROU,642.0,ISO 3166-2:RO,Europe,Eastern Europe,,150.0,151.0,
RO,RO06,PARTY,Pro Romania,Partidul Pro Romania,,,Romania,RO,ROU,642.0,ISO 3166-2:RO,Europe,Eastern Europe,,150.0,151.0,
RO,RO07,PARTY,Coal. Alliance 2020 (USR+PLUS),"Coalition 2020 USR + PLUS Alliance (Uniunea Salvați România + Partidul Libertății, Unității și Solidarității)",,,Romania,RO,ROU,642.0,ISO 3166-2:RO,Europe,Eastern Europe,,150.0,151.0,
RO,RO90,PARTY,Other parties,Other parties,,,Romania,RO,ROU,642.0,ISO 3166-2:RO,Europe,Eastern Europe,,150.0,151.0,
SI,SI01,PARTY,Coal (SDS + SLS),Coalition (Slovenska demokratska stranka + Slovenska ljudska stranka),,,Slovenia,SI,SVN,705.0,ISO 3166-2:SI,Europe,Southern Europe,,150.0,39.0,
SI,SI02,PARTY,SD,Socialni demokrati,,,Slovenia,SI,SVN,705.0,ISO 3166-2:SI,Europe,Southern Europe,,150.0,39.0,
SI,SI03,PARTY,DeSUS,Demokratična stranka upokojencev Slovenije,,,Slovenia,SI,SVN,705.0,ISO 3166-2:SI,Europe,Southern Europe,,150.0,39.0,
SI,SI04,PARTY,N.Si,Nova Slovenija,,,Slovenia,SI,SVN,705.0,ISO 3166-2:SI,Europe,Southern Europe,,150.0,39.0,
SI,SI05,PARTY,SNS,Slovenska Nacionalna Stranka,,,Slovenia,SI,SVN,705.0,ISO 3166-2:SI,Europe,Southern Europe,,150.0,39.0,
SI,SI06,PARTY,SMC,Stranka modernega centra,,,Slovenia,SI,SVN,705.0,ISO 3166-2:SI,Europe,Southern Europe,,150.0,39.0,
SI,SI07,PARTY,SAB,Stranka alenke bratušek,,,Slovenia,SI,SVN,705.0,ISO 3166-2:SI,Europe,Southern Europe,,150.0,39.0,
SI,SI08,PARTY,LEVICA,LEVICA,,,Slovenia,SI,SVN,705.0,ISO 3166-2:SI,Europe,Southern Europe,,150.0,39.0,
SI,SI09,PARTY,LMŠ,Lista Marjana Šarca,,,Slovenia,SI,SVN,705.0,ISO 3166-2:SI,Europe,Southern Europe,,150.0,39.0,
SI,SI10,PARTY,DOM,Domovinska Liga,,,Slovenia,SI,SVN,705.0,ISO 3166-2:SI,Europe,Southern Europe,,150.0,39.0,
SI,SI11,PARTY,Povežimo se,Povežimo se,,,Slovenia,SI,SVN,705.0,ISO 3166-2:SI,Europe,Southern Europe,,150.0,39.0,
SI,SI12,PARTY,DD,Dobra Država,,,Slovenia,SI,SVN,705.0,ISO 3166-2:SI,Europe,Southern Europe,,150.0,39.0,
SI,SI13,PARTY,ZSI,ZSI - Gibanje Zedinjena Slovenija,,,Slovenia,SI,SVN,705.0,ISO 3166-2:SI,Europe,Southern Europe,,150.0,39.0,
SI,SI14,PARTY,Z.SI,Zeleni Slovenije,,,Slovenia,SI,SVN,705.0,ISO 3166-2:SI,Europe,Southern Europe,,150.0,39.0,
SI,SI90,PARTY,Other parties,Other parties,,,Slovenia,SI,SVN,705.0,ISO 3166-2:SI,Europe,Southern Europe,,150.0,39.0,
SK,SK01,PARTY,KDH,Kresťanskodemokratické hnutie,,,Slovakia,SK,SVK,703.0,ISO 3166-2:SK,Europe,Eastern Europe,,150.0,151.0,
SK,SK02,PARTY,SaS,Sloboda a Solidarita,,,Slovakia,SK,SVK,703.0,ISO 3166-2:SK,Europe,Eastern Europe,,150.0,151.0,
SK,SK03,PARTY,SNS,Slovenská národná strana,,,Slovakia,SK,SVK,703.0,ISO 3166-2:SK,Europe,Eastern Europe,,150.0,151.0,
SK,SK04,PARTY,SMER-SD,SMER - Sociálna demokracia,,,Slovakia,SK,SVK,703.0,ISO 3166-2:SK,Europe,Eastern Europe,,150.0,151.0,
SK,SK05,PARTY,SMK-MPK,Strana mad'arskej komunity - Magyar Közösség Pártja,,,Slovakia,SK,SVK,703.0,ISO 3166-2:SK,Europe,Eastern Europe,,150.0,151.0,
SK,SK06,PARTY,Coal (OL'aNO + NOVA),Coalition (Obyčajní Ľudia a nezávislé osobnosti + Nová väčšina - Dohoda),,,Slovakia,SK,SVK,703.0,ISO 3166-2:SK,Europe,Eastern Europe,,150.0,151.0,
SK,SK07,PARTY,MOST-HID,Most-Híd,,,Slovakia,SK,SVK,703.0,ISO 3166-2:SK,Europe,Eastern Europe,,150.0,151.0,
SK,SK08,PARTY,ĽSNS,Kotleba - Ľudová strana Naše Slovensko,,,Slovakia,SK,SVK,703.0,ISO 3166-2:SK,Europe,Eastern Europe,,150.0,151.0,
SK,SK09,PARTY,Sme Rodina,SME RODINA - Boris Kollár,,,Slovakia,SK,SVK,703.0,ISO 3166-2:SK,Europe,Eastern Europe,,150.0,151.0,
SK,SK10,PARTY,Coal (PS + SPOLU),Coalition (Progresívne Slovensko + SPOLU - občianska demokracia),,,Slovakia,SK,SVK,703.0,ISO 3166-2:SK,Europe,Eastern Europe,,150.0,151.0,
SK,SK11,PARTY,KÚ,Kresťanská únia,,,Slovakia,SK,SVK,703.0,ISO 3166-2:SK,Europe,Eastern Europe,,150.0,151.0,
SK,SK12,PARTY,KDŽP,Kresťanská demokracia - Život a prosperita,,,Slovakia,SK,SVK,703.0,ISO 3166-2:SK,Europe,Eastern Europe,,150.0,151.0,
SK,SK90,PARTY,Other parties,Other parties,,,Slovakia,SK,SVK,703.0,ISO 3166-2:SK,Europe,Eastern Europe,,150.0,151.0,
FI,FI01,PARTY,KESK,Suomen Keskusta,,,Finland,FI,FIN,246.0,ISO 3166-2:FI,Europe,Northern Europe,,150.0,154.0,
FI,FI02,PARTY,KOK,Kansallinen Kokoomus,,,Finland,FI,FIN,246.0,ISO 3166-2:FI,Europe,Northern Europe,,150.0,154.0,
FI,FI03,PARTY,SDP,Suomen Sosialidemokraattinen Puolue/Finlands Socialdemokratiska Parti,,,Finland,FI,FIN,246.0,ISO 3166-2:FI,Europe,Northern Europe,,150.0,154.0,
FI,FI04,PARTY,VAS,Vasemmistoliitto ,,,Finland,FI,FIN,246.0,ISO 3166-2:FI,Europe,Northern Europe,,150.0,154.0,
FI,FI05,PARTY,VIHR,Vihreä liitto  ,,,Finland,FI,FIN,246.0,ISO 3166-2:FI,Europe,Northern Europe,,150.0,154.0,
FI,FI06,PARTY,SFP (RKP),Svenska folkpartiet (Ruotsalainen kansanpuolue),,,Finland,FI,FIN,246.0,ISO 3166-2:FI,Europe,Northern Europe,,150.0,154.0,
FI,FI07,PARTY,PS,Perussuomalaiset,,,Finland,FI,FIN,246.0,ISO 3166-2:FI,Europe,Northern Europe,,150.0,154.0,
FI,FI08,PARTY,KD,Suomen Kristillisdemokraatit,,,Finland,FI,FIN,246.0,ISO 3166-2:FI,Europe,Northern Europe,,150.0,154.0,
FI,FI09,PARTY,SIN,Sininen tulevaisuus,,,Finland,FI,FIN,246.0,ISO 3166-2:FI,Europe,Northern Europe,,150.0,154.0,
FI,FI10,PARTY,PP,Piraattipuolue,,,Finland,FI,FIN,246.0,ISO 3166-2:FI,Europe,Northern Europe,,150.0,154.0,
FI,FI90,PARTY,Other parties,Other parties,,,Finland,FI,FIN,246.0,ISO 3166-2:FI,Europe,Northern Europe,,150.0,154.0,
SE,SE01,PARTY,V,Vänsterpartiet,,,Sweden,SE,SWE,752.0,ISO 3166-2:SE,Europe,Northern Europe,,150.0,154.0,
SE,SE02,PARTY,S,Socialdemokraterna,,,Sweden,SE,SWE,752.0,ISO 3166-2:SE,Europe,Northern Europe,,150.0,154.0,
SE,SE03,PARTY,C,Centerpartiet,,,Sweden,SE,SWE,752.0,ISO 3166-2:SE,Europe,Northern Europe,,150.0,154.0,
SE,SE04,PARTY,L,Liberalerna,,,Sweden,SE,SWE,752.0,ISO 3166-2:SE,Europe,Northern Europe,,150.0,154.0,
SE,SE05,PARTY,M,Moderaterna,,,Sweden,SE,SWE,752.0,ISO 3166-2:SE,Europe,Northern Europe,,150.0,154.0,
SE,SE06,PARTY,KD,Kristdemokraterna,,,Sweden,SE,SWE,752.0,ISO 3166-2:SE,Europe,Northern Europe,,150.0,154.0,
SE,SE07,PARTY,MP,Miljöpartiet de Gröna,,,Sweden,SE,SWE,752.0,ISO 3166-2:SE,Europe,Northern Europe,,150.0,154.0,
SE,SE08,PARTY,SD,Sverigedemokraterna,,,Sweden,SE,SWE,752.0,ISO 3166-2:SE,Europe,Northern Europe,,150.0,154.0,
SE,SE09,PARTY,FI,Feministiskt Initiativ,,,Sweden,SE,SWE,752.0,ISO 3166-2:SE,Europe,Northern Europe,,150.0,154.0,
SE,SE90,PARTY,Other parties,Other parties,,,Sweden,SE,SWE,752.0,ISO 3166-2:SE,Europe,Northern Europe,,150.0,154.0,
UK,UK01,PARTY,SF,Sinn Féin,,,,,,,,,,,,,
UK,UK02,PARTY,DUP,Democratic Unionist Party,,,,,,,,,,,,,
UK,UK03,PARTY,UUP,Ulster Unionist Party,,,,,,,,,,,,,
UK,UK04,PARTY,SDLP,Social Democratic & Labour Party,,,,,,,,,,,,,
UK,UK05,PARTY,TUV,Traditional Unionist Voice,,,,,,,,,,,,,
UK,UK06,PARTY,APNI,Alliance Party,,,,,,,,,,,,,
UK,UK07,PARTY,Cons.,Conservative and Unionist Party,,,,,,,,,,,,,
UK,UK08,PARTY,Lab.,Labour Party,,,,,,,,,,,,,
UK,UK09,PARTY,UKIP,United Kingdom Independence Party,,,,,,,,,,,,,
UK,UK10,PARTY,SNP,Scottish National Party,,,,,,,,,,,,,
UK,UK11,PARTY,PL-PW,Plaid Cymru - Party of Wales,,,,,,,,,,,,,
UK,UK12,PARTY,Lib dems,Liberal Democrats,,,,,,,,,,,,,
UK,UK13,PARTY,GP,Green Party,,,,,,,,,,,,,
UK,UK14,PARTY,Change UK,Change UK,,,,,,,,,,,,,
UK,UK15,PARTY,Brexit Party,Brexit Party,,,,,,,,,,,,,
UK,UK90,PARTY,Other parties NI,Other parties Northern Ireland,,,,,,,,,,,,,
UK,UK91,PARTY,Other parties GB,Other parties Great Britain,,,,,,,,,,,,,
GB,UK07,PARTY,Cons.,Conservative and Unionist Party,,,United Kingdom,GB,GBR,826.0,ISO 3166-2:GB,Europe,Northern Europe,,150.0,154.0,
GB,UK08,PARTY,Lab.,Labour Party,,,United Kingdom,GB,GBR,826.0,ISO 3166-2:GB,Europe,Northern Europe,,150.0,154.0,
GB,UK09,PARTY,UKIP,United Kingdom Independence Party,,,United Kingdom,GB,GBR,826.0,ISO 3166-2:GB,Europe,Northern Europe,,150.0,154.0,
GB,UK10,PARTY,SNP,Scottish National Party,,,United Kingdom,GB,GBR,826.0,ISO 3166-2:GB,Europe,Northern Europe,,150.0,154.0,
GB,UK11,PARTY,PL-PW,Plaid Cymru - Party of Wales,,,United Kingdom,GB,GBR,826.0,ISO 3166-2:GB,Europe,Northern Europe,,150.0,154.0,
GB,UK12,PARTY,Lib dems,Liberal Democrats,,,United Kingdom,GB,GBR,826.0,ISO 3166-2:GB,Europe,Northern Europe,,150.0,154.0,
GB,UK13,PARTY,GP,Green Party,,,United Kingdom,GB,GBR,826.0,ISO 3166-2:GB,Europe,Northern Europe,,150.0,154.0,
GB,UK14,PARTY,Change UK,Change UK,,,United Kingdom,GB,GBR,826.0,ISO 3166-2:GB,Europe,Northern Europe,,150.0,154.0,
GB,UK15,PARTY,Brexit Party,Brexit Party,,,United Kingdom,GB,GBR,826.0,ISO 3166-2:GB,Europe,Northern Europe,,150.0,154.0,
GB,UK91,PARTY,Other parties GB,Other parties Great Britain,,,United Kingdom,GB,GBR,826.0,ISO 3166-2:GB,Europe,Northern Europe,,150.0,154.0,
NI,UK01,PARTY,SF,Sinn Féin,,,Nicaragua,NI,NIC,558.0,ISO 3166-2:NI,Americas,Latin America and the Caribbean,Central America,19.0,419.0,13.0
NI,UK02,PARTY,DUP,Democratic Unionist Party,,,Nicaragua,NI,NIC,558.0,ISO 3166-2:NI,Americas,Latin America and the Caribbean,Central America,19.0,419.0,13.0
NI,UK03,PARTY,UUP,Ulster Unionist Party,,,Nicaragua,NI,NIC,558.0,ISO 3166-2:NI,Americas,Latin America and the Caribbean,Central America,19.0,419.0,13.0
NI,UK04,PARTY,SDLP,Social Democratic & Labour Party,,,Nicaragua,NI,NIC,558.0,ISO 3166-2:NI,Americas,Latin America and the Caribbean,Central America,19.0,419.0,13.0
NI,UK05,PARTY,TUV,Traditional Unionist Voice,,,Nicaragua,NI,NIC,558.0,ISO 3166-2:NI,Americas,Latin America and the Caribbean,Central America,19.0,419.0,13.0
NI,UK06,PARTY,APNI,Alliance Party,,,Nicaragua,NI,NIC,558.0,ISO 3166-2:NI,Americas,Latin America and the Caribbean,Central America,19.0,419.0,13.0
NI,UK90,PARTY,Other parties NI,Other parties Northern Ireland,,,Nicaragua,NI,NIC,558.0,ISO 3166-2:NI,Americas,Latin America and the Caribbean,Central America,19.0,419.0,13.0
HR,HR01,PARTY,HDZ,Hrvatska demokratska zajednica,,,Croatia,HR,HRV,191.0,ISO 3166-2:HR,Europe,Southern Europe,,150.0,39.0,
HR,HR02,PARTY,SDP,Socijaldemokratska partija Hrvatske,,,Croatia,HR,HRV,191.0,ISO 3166-2:HR,Europe,Southern Europe,,150.0,39.0,
HR,HR03,PARTY,HNS,Hrvatska narodna stranka,,,Croatia,HR,HRV,191.0,ISO 3166-2:HR,Europe,Southern Europe,,150.0,39.0,
HR,HR04,PARTY,MOST,Most nezavisnih lista,,,Croatia,HR,HRV,191.0,ISO 3166-2:HR,Europe,Southern Europe,,150.0,39.0,
HR,HR05,PARTY,Coal (PAMETNO + UK),Coalition (Pametno + Unija Kvarnera coalition),,,Croatia,HR,HRV,191.0,ISO 3166-2:HR,Europe,Southern Europe,,150.0,39.0,
HR,HR06,PARTY,ŽIVI ZID,Živi zid,,,Croatia,HR,HRV,191.0,ISO 3166-2:HR,Europe,Southern Europe,,150.0,39.0,
HR,HR07,PARTY,Bandić Milan 365,Bandić Milan 365 - Stranka rada i solidarnosti,,,Croatia,HR,HRV,191.0,ISO 3166-2:HR,Europe,Southern Europe,,150.0,39.0,
HR,HR08,PARTY,Coal (NHR + HSP),Coalition (Neovisni za Hrvatsku + Hrvatska Stranka Prava),,,Croatia,HR,HRV,191.0,ISO 3166-2:HR,Europe,Southern Europe,,150.0,39.0,
HR,HR09,PARTY,START,"Stranka antikorupcije, razvoja i transparentnosti",,,Croatia,HR,HRV,191.0,ISO 3166-2:HR,Europe,Southern Europe,,150.0,39.0,
HR,HR10,PARTY,Coal Hrv. Suverenisti,Coalition Hrvatski suverenisti (HRAST - Pokret za uspješnu Hrvatsku + Hrvatska konzervativna stranka - HKS + Hrvatska stranka prava de. Ante Starrčević - HSP AS + Ujedinjeni hrvatski domoljubi - UHD),,,Croatia,HR,HRV,191.0,ISO 3166-2:HR,Europe,Southern Europe,,150.0,39.0,
HR,HR11,PARTY,Coal AMS (HL + PGS + HSU + IDS + HSS + GLAS + Demokrati),Coalition Amsterdamska koalicija (Hrvatski laburisti + Primorsko goranski savez + Hrvatska stranka umirovljenika + Istarski demokratski sabor + Hrvatska seljačka stranka + Građansko-liberalni savez + Demokrati),,,Croatia,HR,HRV,191.0,ISO 3166-2:HR,Europe,Southern Europe,,150.0,39.0,
HR,HR12,PARTY,Coal. Zelena ljevica,Coalition Zelena ljevica (Možemo! - politička platforma + Nova ljevica + Održivi razvoj Hrvatske - ORaH),,,Croatia,HR,HRV,191.0,ISO 3166-2:HR,Europe,Southern Europe,,150.0,39.0,
HR,HR13,PARTY,Mislav Kolakušić,Independent Mislav Kolakušić,,,Croatia,HR,HRV,191.0,ISO 3166-2:HR,Europe,Southern Europe,,150.0,39.0,
HR,HR14,PARTY,Marijana Petir,Independent Marijana Petir,,,Croatia,HR,HRV,191.0,ISO 3166-2:HR,Europe,Southern Europe,,150.0,39.0,
HR,HR90,PARTY,Other parties,Other parties,,,Croatia,HR,HRV,191.0,ISO 3166-2:HR,Europe,Southern Europe,,150.0,39.0,
